issue_type,guilty,case_count,total_cases,percentage,related_laws,defendant_behavior,key_evidence,defense_reason,court_response,reference_cases
明知帳戶可能被用於犯罪仍交付,TRUE,60,66, 0.91 ,"《洗錢防制法》第14條, 《洗錢防制法》第19條","被告明知其提供的金融帳戶可能被用於詐欺，仍選擇交付，並協助詐欺集團進行資金提領與隱匿金流。
被告依詐欺集團指示，將金融帳戶的提款卡、密碼及相關資料提供給不明人士，並協助進行詐騙行為。
被告在提供金融帳戶時，已預見該帳戶可能被用於犯罪，仍選擇交付，並主動協助詐欺集團進行轉帳或提領。
被告透過通訊軟體或其他方式，將金融帳戶資料傳送給詐欺集團成員，並協助其進行詐騙行為。
被告在特定情況下，因金錢利益而提供金融帳戶資料，明知該行為可能涉及詐欺及洗錢。","被告承認提供帳戶資料或提款卡的自白，顯示其明知帳戶可能被用於犯罪行為。
銀行交易明細顯示帳戶在短時間內異常大量提款，暗示該帳戶被用於詐騙或洗錢。
被告與詐欺集團成員的通訊紀錄，顯示其對帳戶交付的意圖及相關討論。
監視器畫面顯示被告親自進行與帳戶相關的交易，強化其參與該行為的證據。
受害者提供的匯款紀錄及對話紀錄，證明被告的帳戶涉及詐騙行為並造成他人損失。","被告聲稱是因為急需貸款或生活費，誤信對方指示提供帳戶，並未預見會被用於犯罪。
被告表示未獲取報酬，認為自身不應承擔刑責。
被告主張是出於信任或協助朋友的理由提供帳戶，並未意圖參與犯罪。
被告於案發後主動聯繫銀行掛失帳戶，試圖補救其行為。
被告聲稱不知詐騙集團的運作，並未意圖協助犯罪。","被告可合理預見帳戶可能被用於不法，但仍選擇交付，符合犯罪構成要件。
被告的辯解缺乏可信性，且其行為助長詐欺風氣，影響社會秩序。
被告的辯解未能推翻其主觀故意，且行為助長詐欺風氣，影響社會秩序。
根據法律，幫助犯罪即屬犯罪，無須證明被告實際獲利。
銀行交易紀錄顯示帳戶異常交易與詐欺案受害人匯款時間吻合，推翻被告的說法。","111-TW-0099, 111-TW-0729, 112-TW-1248, 112-TW-1343, 112-TW-1465"
明知帳戶可能被用於犯罪仍交付,FALSE,6,66, 0.09 ,"《刑法》第339條之4, 《洗錢防制法》第14條, 《洗錢防制法》第19條","被告因應徵工作而提供帳戶資料，未意識到可能的犯罪風險。
被告在提供帳戶資訊後察覺異常，主動聯繫銀行以防止損失。
被告因信任對方而提供帳戶資料，未充分考慮潛在的犯罪用途。
被告明知提供帳戶資料將會獲得金錢利益，仍選擇交付帳戶。
被告在提供帳戶時，對詐欺集團的行為缺乏警覺，未預見其行為的後果。","被告缺乏社會經驗，易受騙，無法預見帳戶被用於犯罪。
被告在發現異常後立即採取行動，例如掛失提款卡，顯示其無犯罪意圖。
被告提供帳戶資料時，並未意識到該行為可能被利用於詐騙或洗錢。
被告的社會背景及無犯罪前科顯示其生活經驗單純，缺乏對潛在風險的認知。
被告與對方的通訊紀錄顯示其對工作流程的詢問，表明其對情況的疑慮。","被告因信任對方的工作邀約而提供帳戶，未預見該行為可能被用於犯罪。
被告主張理解能力不足，無法預見對方的詐騙意圖。
被告引用先前判決無罪的案例，主張應免訴。
被告強調未獲取報酬，並在發現異常後主動報警處理。
被告表示自己是因為受騙而提供帳戶資料，並非詐欺的共犯。","被告未預見其行為可能被用於犯罪，且證據不足以證明有意圖參與犯罪。
被告的行為未達到幫助犯罪的故意，缺乏證據證明犯罪意圖。
案件因與前案具有想像競合犯之關係而不受理。
案件因為重複起訴而不受理，未進一步探討被告的預見能力。
檢察官未能提供足夠證據證明被告有罪，被告行為可能基於信任而非詐欺意圖。","113-TW-1367, 113-TW-0982, 113-TW-01425, 113-TW-3201, 113-TW-1121"
意圖以詐術使人交付財物,TRUE,85,87, 0.98 ,"《刑法》第30條, 《刑法》第30條第1項前段, 《刑法》第320條, 《刑法》第339條, 《刑法》第339條之4, 《刑法》第339條第1項, 《詐欺犯罪危害防制條例》第43條","被告明知其行為可能涉及詐欺，仍選擇提供金融帳戶資訊，助長詐欺行為的發生。
被告與他人共同策劃並執行詐欺行為，導致多名被害人損失財物。
被告協助詐欺集團進行詐騙行為，並提供必要的金融工具或帳戶資料。
被告的行為直接導致他人財物被詐取，並未對詐欺行為提出質疑。
被告利用詐欺手法使受害人匯款至其帳戶，並提領詐欺所得。","被告的帳戶被用於詐欺集團的資金流動，顯示其參與詐騙行為。
受害人證詞及匯款紀錄證明詐騙行為的發生，並顯示被告的帳戶與詐騙事件的關聯。
被告的自白與其他被告的供述一致，證明其參與詐欺行為。
詐欺集團的受害者報案紀錄與匯款證據，顯示詐騙行為的具體情況。
被告與詐欺集團成員的通話紀錄，顯示其與詐騙行為的聯繫。","被告主張其行為並非故意詐騙，且未獲取任何利益。
被告聲稱自己並未直接參與詐騙行為，僅提供帳戶。
被告否認有意圖詐騙，並主張其行為是出於誤信。
被告表示其行為是出於信任，並未意圖參與犯罪。
被告聲稱自己是受害者，並未參與詐騙行為。","被告的行為符合詐欺罪的構成要件，且辯解不具說服力。
被告的行為已構成幫助詐欺，並應負刑事責任。
被告的行為對詐欺行為有直接的幫助作用。
被告的辯解未能推翻其犯罪事實，法院依據證據作出判決。
被告的行為對社會造成了實質損害，應依法處罰。","111-TW-0099, 112-TW-0162, 112-TW-1221, 112-TW-1248, 112-TW-1344"
意圖以詐術使人交付財物,FALSE,2,87, 0.02 ,"《刑法》第339條, 《洗錢防制法》第14條","被告因信任他人而提供個人帳戶，導致資金被不當使用。
被告依照他人指示進行資金提領，未能確認資金用途的合法性。
被告在不明確了解交易內容的情況下，參與匯款或資金轉移。
被告因缺乏警覺而參與購買虛擬貨幣，未考慮其潛在風險。
被告在社交關係中受到影響，依賴他人決策而未進行獨立判斷。","被告與詐欺集團成員的通訊紀錄顯示缺乏詐欺意圖，對話內容多為日常交流，無明確詐騙行為的證據。
銀行交易明細顯示提領款項的時間與金額與被告的行為無關，且有其他合理解釋，無法證明詐欺行為的存在。
被告的帳戶被用於詐騙，但被告並不知情，且無證據顯示其參與詐騙計劃，顯示缺乏故意。
LINE對話紀錄中缺乏詐騙的具體指示或計劃，對話內容模糊，無法構成詐欺的直接證據。
被告提供的證據顯示其在該交易中有合理的商業目的，並非單純為詐騙行為。","被告因貸款需求提供帳戶資料，未預見該帳戶會被用於詐欺行為。
被告主張自己是受騙，並無詐欺及洗錢的故意。
被告在提供帳戶時並未提供提款卡及密碼，顯示無犯罪意圖。
被告對於法律不熟悉，無法預見行為的犯罪性。
被告主張缺乏直接證據證明其參與詐欺行為。","被告未能證明其行為具有詐欺的故意，且缺乏對詐欺集團的認識或預見。
法院認為無法確定被告有犯罪的故意，因證據不足以支持詐欺的指控。
被告的行為未顯示出故意詐欺的意圖，法院強調主觀故意的重要性。
法院指出原審未考量被告與對方的信任關係，影響對詐欺故意的認定。
被告的行為雖然可預見可能涉及犯罪，但缺乏直接的詐欺意圖證據。","113-TW-0146, 113-TW-0011"
參與三人以上共同詐欺取財,TRUE,17,18, 0.94 ,"《刑法》第339條, 《刑法》第339條之4","被告負責收集或提供金融帳戶資料，供詐欺集團使用。
被告參與詐欺集團的策劃與執行，並擔任提領詐騙所得的角色。
被告以金錢誘使他人提供帳戶資料，協助詐欺行為。
被告協助詐欺集團進行網路銀行操作，隱匿詐騙所得。
被告與其他成員共同策劃詐騙行為，並多次提領贓款。","被告與詐欺集團成員的通訊紀錄顯示其參與詐騙活動，並與其他成員保持聯繫。
監視器畫面顯示被告在詐騙過程中的具體行為，證明其參與詐欺行為。
銀行交易明細顯示被告的帳戶在短時間內有異常交易，與詐騙行為相關。
證人證言或被告供述與其他證據相符，提供了被告參與詐欺的直接證據。
受害人對詐騙過程的詳細描述及匯款紀錄，證明被告的行為與詐騙結果之間的關聯。","被告否認參與詐欺行為，主張未收取任何報酬，並表示其行為未造成他人損失。
被告聲稱自己只是協助，並未直接參與詐騙，且未獲得實質利益，認為行為不構成犯罪。
被告主張不知所提領的款項為詐欺所得，並表示其行為是依照他人指示進行的。
被告辯稱其行為並非故意，且未獲取任何利益，並表示有意願賠償但目前無力繳納。
被告主張自己是受害者，並未參與詐欺行為，表示對詐欺集團的真實意圖不知情。","被告的行為符合三人以上共同詐欺取財的構成要件，且證據支持其犯罪事實。
被告的辯解無法推翻其參與詐欺的事實，且根據法律，參與詐欺即屬犯罪。
被告明知其行為為詐欺，仍選擇參與，符合犯罪構成要件。
被告的辯解缺乏可信度，因其明知參與詐欺行為。
被告的行為對社會造成了損害，應予以懲處。","111-TW-0360, 111-TW-0579, 112-TW-0110, 113-TW-1301, 113-TW-1465"
參與三人以上共同詐欺取財,FALSE,1,18, 0.06 ,《刑法》第339條第1項,"被告因求職而被詐騙，顯示出對於工作機會的渴望可能使其容易受到他人操控。
被告在他人指示下提領款項，顯示出缺乏獨立判斷能力，可能是因為對詐騙者的信任。
被告購買虛擬貨幣的行為，反映出對新興金融產品的認知不足，容易被詐騙者利用。
被告的行為顯示出在社會壓力或經濟困境下，個人可能作出不理智的決策。
被告未能充分了解交易的風險，顯示出對金融知識的缺乏，成為詐騙的受害者。","被告的供述與證人證詞不一致，導致對被告的指控缺乏可信度。在113-TW-0065案件中，證人對被告的描述與被告的自我辯護存在顯著差異，影響了證據的整體效力。
被告的行為未能被證明與詐欺行為有直接關聯。LINE對話紀錄顯示被告的行為並未涉及具體的詐欺計畫，反而顯示其對事件的反應是被動的。
缺乏直接證據證明被告的參與。案件中並未提供足夠的物證或直接證據來支持被告參與詐欺的指控，這使得控方的論點無法成立。
證人證詞的可信度受到質疑。某些證人可能因個人利益或偏見而提供不實證詞，這在案件中被辯護律師指出，進一步削弱了控方的立場。
被告的行為符合無罪推定原則。根據法律原則，除非有充分證據證明被告有罪，否則應推定其無罪。在此案件中，控方未能提供足夠的證據來推翻這一原則。","1. 不知情辯護：被告主張自己對於詐欺行為並不知情，並未參與任何詐欺計畫，這種辯護常見於被告與其他共犯之間的關係不明確的情況，例如在113-TW-0065案中，被告聲稱只是因為求職而提供帳戶。
2. 無法控制的行為：被告強調自己在該事件中並未主動參與或控制任何行為，這類辯護通常用於證明被告缺乏詐欺意圖，像是某些案例中被告僅是被動接受他人要求。
3. 帳戶保管的主張：被告指出自己保留帳戶的提款卡及密碼，顯示其對帳戶的控制，這種情況下，被告可能會主張自己並未實際使用該帳戶進行詐欺行為。
4. 求職動機辯護：被告聲稱其提供帳戶是出於求職的需求，而非參與詐欺，這種辯護模式強調被告的動機與詐欺行為無關，常見於涉及求職詐騙的案件。
5. 缺乏證據支持：被告辯稱檢方未能提供足夠的證據證明其參與詐欺行為，這種模式強調法律上對於有罪推定的要求，要求檢方提供具體的證據來支持指控。","法院認為證據不足以證明被告的犯罪意圖，強調主觀故意是詐欺罪的核心要素，無法僅依賴外在行為來判斷。
法院指出被告的行為未達到共同詐欺的標準，強調必須有明確的共同行為和意圖，才能構成詐欺罪。
法院強調被告缺乏明確的犯罪意圖，認為單純的行為並不等同於詐欺，必須有意圖的證據支持。
法院認為即使被告參與某些行為，但未能證明其有詐欺的故意，因此無法成立共同詐欺的罪名。
法院指出在詐欺案件中，證據必須清晰且具體，僅有模糊或間接的證據無法支撐有罪判決。",113-TW-0065
參與洗錢行為,TRUE,23,23, 1.00 ,"《洗錢防制法》第14條, 《洗錢防制法》第19條, 《洗錢防制法》第19條第1項, 《洗錢防制法》第2條","協助詐欺集團隱匿詐騙所得，並提供他人帳戶資料以供使用。
管理人頭帳戶，負責資金的轉移及提領，隱匿資金來源。
提供銀行帳戶給詐欺集團，並依指示進行資金的轉換或提領。
將提領的贓款轉交給詐欺集團的上游成員或其他共犯。
明知款項來源不明，仍協助轉移詐騙所得至其他帳戶。","被告與詐欺集團成員的聯繫紀錄顯示其參與洗錢行為。此模式在多個案件中出現，例如案件編號113-TW-1564和113-TW-0080，均有通訊紀錄證明被告與詐欺集團的合作。
銀行交易明細顯示異常資金流動，通常涉及大量提領或轉帳。此模式在案件編號111-TW-0579和113-TW-1111中均有體現，顯示被告的帳戶有可疑的資金進出。
被告的供述與其他證據相符，證明其參與洗錢行為。案件編號112-TW-0110和113-TW-0015中，被告的自白與證人證詞一致，強化了其犯罪行為的證據。
證人證述確認被告的參與行為，這在案件編號113-TW-0650中明顯，證人提供的證詞對被告的罪行構成了重要支持。
監視器畫面顯示被告提領詐騙款項，這一模式在案件編號113-TW-0422和113-TW-1825中均有出現，視覺證據強化了被告的犯罪行為。","未獲取報酬，並否認有洗錢行為。
主張行為並非故意洗錢，僅是協助他人，且不知該行為違法。
聲稱不知該款項為詐騙所得，並未獲取報酬。
表示行為是依照他人指示進行，並非故意掩飾犯罪所得。
主張行為是為了協助朋友，並不知情該行為為洗錢。","被告的行為符合洗錢的構成要件，且無法證明其未參與洗錢行為。
被告應該能合理預見其行為可能涉及洗錢，辯解無法改變其參與洗錢的事實。
被告的辯詞缺乏可信度，法院依據證據作出判決，無法推翻其罪責。
被告的行為對社會造成了不良影響，應予以懲處，且辯解無法成立。
被告的行為助長了詐欺集團的運作，影響社會秩序，未能證明其無罪。","111-TW-0360, 111-TW-0579, 113-TW-0650, 112-TW-0110, 113-TW-1301"
參與詐欺集團並提供帳戶,TRUE,5,7, 0.71 ,"《刑法》第339條之4, 《洗錢防制法》第14條, 《洗錢防制法》第22條第3項, 《組織犯罪防制條例》第3條","被告明知詐騙集團的目的，仍提供金融機構帳戶作為資金斷點，協助隱匿資金流向。
被告在詐欺集團中擔任重要角色，積極參與策劃及執行詐騙行為。
被告將其名下金融機構帳戶資料及網路銀行帳號密碼提供給詐欺集團成員，助長詐騙行為。
被告與詐欺集團成員期約提供帳戶，並交付提款卡及密碼，明知可能被用於詐欺。
被告將帳戶提供給不詳詐騙集團成員使用，明知其行為可能涉及洗錢及詐欺。","被告自白承認提供帳戶作為詐騙用途，顯示其明知行為的違法性。
證人證述及交易明細顯示被告參與詐騙行為，強化其在詐騙集團中的角色。
銀行交易明細顯示異常交易，作為被告帳戶被用於詐騙的直接證據。
通訊紀錄顯示被告與詐騙集團成員的聯繫，證明其參與詐騙活動的意圖。
監視器錄影畫面顯示被告提領詐騙款項，提供具體的行為證據。","未參與詐欺行為，僅提供帳戶使用，對詐騙行為缺乏認識。
提供帳戶是為了工作，並未預見會被用於犯罪。
未獲取報酬，試圖與被害人和解，認為不應承擔刑責。
未參與詐欺集團的策劃，行為不構成組織犯罪。
基於幫助詐欺及洗錢的故意，將帳戶提供給詐騙集團使用的指控缺乏證據。","被告明知詐騙行為，仍提供帳戶，符合犯罪構成要件。
被告的行為符合組織犯罪的構成要件。
被告應可預見帳戶可能被用於不法，但仍選擇交付，符合犯罪構成要件。
被告的行為助長詐欺犯罪，且其主觀上應知其行為可能被用於不法。
被告的行為已構成幫助洗錢罪，且其行為助長詐欺風氣。","113-TW-0650, 113-TW-0008, 113-TW-0482, 113-TW-0344"
參與詐欺集團並提供帳戶,FALSE,2,7, 0.29 ,《洗錢防制法》第14條,"提供帳戶資訊以求職為由，聲稱不知詐欺行為的可能性。
主動提供金融帳戶及提款密碼，顯示對詐欺集團的合作意圖。
在不明確了解帳戶用途的情況下，仍然提供帳戶給他人。
依照詐欺集團的指示進行提款，顯示對其要求的順從。
聲稱受騙或被誤導，試圖減輕自身責任。","被告與詐欺集團成員的通訊紀錄顯示缺乏犯罪意圖，可能只是普通交流。
證人證述表明被告對詐欺集團的活動並不知情，且未參與任何犯罪行為。
銀行交易明細顯示的匯款紀錄並未直接指向被告的犯罪行為，可能是合法交易。
被告提供的帳戶資料缺乏證據證明其明知該帳戶將被用於詐欺活動。
被告的行為在法律上可解釋為無意識的協助，並不構成犯罪。","被告主張自己並不知情，並且提供帳戶是出於求職需要，未意識到可能涉及犯罪行為。
被告強調未提供提款卡及密碼，並自行保管帳戶，顯示其並未完全控制該帳戶的使用。
被告引用前案已被起訴的事實，主張本案不應再受理，強調法律的重複起訴禁止原則。
被告辯稱其行為缺乏犯罪故意，因為其並未預見帳戶會被用於詐欺活動。
被告強調缺乏證據證明其知悉帳戶被用於犯罪，主張應以無罪推定原則進行判決。","法院認為證據不足以證明被告有詐欺取財或洗錢的故意，強調主觀意圖的缺乏是無罪的關鍵因素。
法院指出被告的行為未達到共同詐欺的標準，強調行為的主觀意圖與客觀行為的區別。
法院認為無法證明被告對詐欺行為的預見性，這使得其行為不構成犯罪。
法院認為本案與前案具有想像競合犯之關係，導致不受理本案，顯示出對案件重複性的考量。
法院強調在缺乏直接證據的情況下，無法推定被告的犯罪意圖，這在法律上構成無罪的依據。","113-TW-0065, 113-TW-1624"
以幫助的方式參與詐欺行為,TRUE,100,118, 0.85 ,"《刑法》第216條, 《刑法》第30條, 《刑法》第30條第1項, 《刑法》第339條, 《洗錢防制法》第14條, 《洗錢防制法》第19條","提供銀行或金融帳戶給詐欺集團使用，明知該行為可能涉及詐欺。
提供帳戶資料（如提款卡、密碼）給詐欺集團，協助其進行詐騙。
協助詐欺集團進行資金轉移，明知該行為可能導致他人損失。
未查證對方身份，直接交付帳戶資料，助長詐欺行為的發生。
提供必要的金融工具（如帳戶、提款卡）給詐欺集團，明知其用途。","被告提供銀行帳戶供詐欺集團使用，並承認其行為的幫助性質。
被告的供述與證人證言一致，確認其參與詐欺行為。
被告的銀行交易紀錄顯示其帳戶被用於詐騙活動。
被告的行為直接導致詐欺集團得以實施詐騙。
被告與詐欺集團成員的通訊紀錄顯示其參與意圖。","被告主張其行為並非故意，且未獲取任何利益。
被告聲稱不知該帳戶會被用於詐騙。
被告主張其行為並未直接參與詐欺，僅提供帳戶。
被告表示其行為是出於信任對方的誤解。
被告主張其行為是出於經濟困境，並未獲得報酬。","被告的行為符合幫助犯的定義，應依法處罰。
被告的行為已構成幫助詐欺，且其辯解不具說服力。
被告的行為對社會造成了負面影響，應依法懲處。
被告的主觀故意明確，且其行為助長詐欺風氣。
被告的辯解未能推翻其犯罪事實的認定。","111-TW-0729, 112-TW-0107, 112-TW-1343, 112-TW-1484, 113-TW-1499"
以幫助的方式參與詐欺行為,FALSE,18,118, 0.15 ,"《刑法》第30條, 《刑法》第30條第1項, 《刑法》第30條第1項前段, 《刑法》第339條, 《刑法》第339條第1項","被告提供帳戶是基於應徵工作之需要，並未參與詐欺行為。
被告提供帳戶給他人，並不知其後的使用情形。
被告寄出提款卡，但否認有犯罪意圖。
被告提供金融帳戶資料予詐欺集團成員，並聲稱未參與詐欺行為。
被告提供帳戶予他人，聲稱是為了工作薪資匯款。","被告的供述與證人證言一致，顯示其並未參與詐欺，無犯罪故意的證據。
被告的行為與前案相同，且已經判決無罪，顯示其無幫助詐欺的意圖。
被告提供的帳戶資料與詐欺集團行為有關聯，顯示其可能參與詐欺。
告訴人與證人和解，收回賠償款項，顯示被告的行為未造成實質損害。
被告的帳戶用於正常用途，無證據顯示其有意圖幫助詐欺。","被告主張其行為是出於求職的需要，並未意圖參與犯罪。
被告否認有任何違法行為，並表示帳戶是由他人使用，主張自己並不知情。
被告因失業急需工作，未能識破詐騙。
被告未直接參與詐騙行為，並在案發後主動聯繫銀行試圖補救。
被告因信任他人而誤信其為法律專業人士，主觀上並無幫助詐欺之故意。","法院認為被告的行為缺乏主觀故意，無法成立幫助犯，並且證據不足以證明其有罪。
法院認為檢察官未能提供足夠證據證明被告有罪，且被告的行為未顯示出主觀上有幫助詐欺的意圖。
法院認為被告的行為不構成犯罪，因為其未能合理預見該行為的後果，且與詐欺集團的行為並無直接關聯。
法院認為本案與前案具有想像競合犯之關係，故不受理本案，並依一事不再理之原則判決免訴。
法院認為被告的行為不符合幫助詐欺的構成要件，且無法排除被告是遭詐騙的可能性。","113-TW-1367, 112-TW-1541, 113-TW-0982, 113-TW-0174, 113-TW-1805"
參與犯罪組織,TRUE,8,8, 1.00 ,"《組織犯罪防制條例》第3條, 《組織犯罪防制條例》第4條","加入詐欺集團並參與其犯罪活動，與其他成員共同策劃並實施詐欺行為。
負責調派車手，協助詐欺集團進行犯罪行為，並收取被害人交付的金融帳戶提款卡、存摺、現金等財物。
提供帳戶給詐欺集團使用，並負責載送和上繳贓款。
招募未滿18歲之人加入詐欺集團，並負責收取贓款及協助詐欺行為。
擔任提款車手，協助詐騙集團提領資金，與其他成員共同策劃詐欺行為。","被告供述承認參與詐欺集團或犯罪組織的事實。
其他被告的供述證明該集團的組織性與持續性。
通訊紀錄顯示被告之間的共謀行為。
監視器畫面顯示被告在指定地點提領贓款或詐騙所得。
銀行交易明細與被告行為相符，顯示異常提款行為。","被告聲稱其參與詐欺集團的行為是被迫的，並未主動發起詐欺行為。
被告聲稱不知情，認為只是協助朋友，且未獲取報酬。
被告否認參與任何犯罪組織，聲稱只是偶然參與並不知情。
被告聲稱自己只是協助，並未直接參與詐欺行為。
被告主張其行為是出於無知或誤解，並非故意參與犯罪。","被告的行為符合組織犯罪的構成要件，且有明確的證據支持其罪行。
被告明知其行為可能涉及詐欺，仍選擇參與，符合參與犯罪組織的要件。
被告的辯解與證據不符，缺乏可信性，法院認為其行為符合參與犯罪組織的定義。
被告的行為符合招募未成年人的要件，且情節嚴重。
被告與其他成員有犯意聯絡及行為分擔，符合共同正犯的要件。","112-TW-0110, 112-TW-0162, 113-TW-1534, 113-TW-0422, 113-TW-1111"
預見金融帳戶可能被用於犯罪仍交付,TRUE,19,20, 0.95 ,"《洗錢防制法》第14條, 《洗錢防制法》第19條, 《洗錢防制法》第19條第1項, 《洗錢防制法》第19條第1項後段","被告明知提供金融帳戶可能被用於詐欺，仍選擇交付帳戶資料，顯示出故意的行為模式。
被告將金融帳戶及相關資料提供給詐欺集團，並協助其進行詐騙行為，顯示出積極參與的模式。
被告在提供帳戶時，已預見該帳戶可能被用於犯罪，並仍選擇交付，顯示出對後果的漠視。
被告在提供帳戶資料時，獲得報酬，顯示出為了金錢利益而協助詐騙的模式。
被告提供金融帳戶及密碼給不明人士，並未進行任何防範措施，顯示出疏忽的行為模式。","被告承認提供金融帳戶資料給詐欺集團成員，顯示其對該行為的認知與意圖。
銀行交易明細顯示該帳戶在短時間內有異常提款或資金流動，證明該帳戶被用於不法活動。
證人證述或對話紀錄顯示被告與詐欺集團成員有聯繫，進一步確認被告的參與程度。
被告在偵查或審理過程中自白，承認其行為及對詐騙行為的預見性。
被告的過往犯罪紀錄或類似行為，顯示其對詐欺集團手法的了解及故意參與的可能性。","不知帳戶用途，僅是協助他人，未獲取報酬，應不承擔刑責。
誤信對方指示，提供帳戶是為了辦理貸款，未預見會被用於犯罪。
因經濟困難或受到威脅而交付帳戶資料，認為只是協助辦理貸款。
主動聯繫銀行或報案，試圖補救，表明未意圖協助犯罪。
提供帳戶是基於信任，並未獲取報酬，認為不應承擔刑責。","被告可合理預見其提供的金融帳戶可能被用於不法行為，但仍選擇交付，符合犯罪構成要件。
被告的辯解缺乏可信度，未能推翻其主觀故意，且行為助長詐欺風氣，影響社會秩序。
根據法律，幫助犯罪即屬犯罪，無需證明被告實際獲利。
被告的行為已構成幫助洗錢罪，且可合理預見其行為可能導致的後果。
被告的辯詞不具可信性，因其應知悉提供帳戶的風險。","112-TW-0107, 113-TW-1499, 113-TW-0042, 113-TW-0468, 113-TW-0580"
預見金融帳戶可能被用於犯罪仍交付,FALSE,1,20, 0.05 ,《洗錢防制法》第19條,"被告對詐欺集團的意圖缺乏明確認知，並未意圖協助詐欺行為。
被告在提供帳戶時未充分了解該行為的法律後果，顯示出對詐欺行為的無知。
被告的帳戶提供行為是出於信任或誤信他人，並非出於犯罪目的。
被告未曾參與詐欺集團的其他活動，顯示其行為的獨立性。
被告在提供帳戶後並未獲取任何利益，顯示其行為缺乏犯罪意圖。","1. 被告缺乏主觀故意：在某些案件中，法院認為被告並未具備預見或故意的意圖，例如在113-TW-2119案中，被告可能對交付金融機構帳戶資料的後果缺乏認知，從而無法構成詐欺或洗錢的幫助。
2. 行為的合法性：若被告的行為在法律上被視為合法，則可能不構成犯罪。在此案中，若被告交付資料的行為是基於合法的商業目的，則可視為無罪。
3. 缺乏直接證據鏈：在無罪案件中，常見的模式是缺乏直接證據證明被告的行為與犯罪結果之間的因果關係。例如，若無法證明被告的資料交付直接導致詐欺或洗錢行為，則可能導致無罪判決。
4. 受害者的行為影響：有時候，受害者的行為可能影響案件的判決結果。如果受害者在某種程度上對詐欺行為的發生負有責任，則被告的罪責可能會被減輕或免除。
5. 證據的合理懷疑：在刑事案件中，若存在合理懷疑，則被告應被判無罪。若法院認為對被告的指控缺乏足夠的證據支持，則可基於合理懷疑原則作出無罪判決。","- 被告缺乏主觀故意：辯護方主張被告在交付金融機構帳戶資料時，並未意識到該行為會導致詐欺或洗錢，因而缺乏該行為所需的主觀故意。類似於案例113-TW-2119中，被告可能認為資料交付是合法的，未能預見其後果。
- 行為的合法性：辯護方可能指出，被告的行為在當時的情境下是合法的，並未違反任何法律規定，這使得其行為不構成犯罪。此類辯護在其他案件中也常見，例如在某些情況下，資料的交付是基於法律義務或業務需要。
- 缺乏直接證據：辯護方可能強調檢方未能提供足夠的直接證據來證明被告的行為與詐欺或洗錢之間的因果關係，這使得控方的指控無法成立。這種辯護在許多無罪案件中都能見到，強調證據的不足。
- 他人行為的不可預見性：辯護方可能主張，即使被告交付了帳戶資料，該資料的使用完全取決於他人，且被告無法預見他人會利用這些資料進行非法行為。這種情況在類似案件中經常被引用，強調被告的行為與最終結果之間的脫節。
- 社會責任的誤解：辯護方可能指出，被告在交付資料時是基於對社會責任的誤解，認為這樣的行為是對某種社會或商業需求的回應，而非故意助長犯罪。這種論點在一些案例中被用來解釋被告的動機和意圖。","1. 一事不再理原則：法院認為同一行為已在先前案件中裁定，因此根據一事不再理的原則，對於相同事實不再重複審理，直接判決免訴。
2. 行為預見性不足：法院可能認為被告在交付帳戶資料時，未能合理預見該行為會導致詐欺或洗錢的結果，因此不構成犯罪。
3. 罪責不明確：法院可能指出，對於被告的行為是否構成幫助詐欺取財及洗錢，缺乏足夠的證據來證明其罪責，因此作出無罪判決。
4. 法律適用不當：法院可能認為檢方對於法律條文的適用不當，導致對被告的指控無法成立，因此選擇免訴。
5. 無犯罪事實存在：法院可能認為被告的行為並未實際造成任何犯罪事實的發生，因此在缺乏犯罪事實的情況下，作出無罪判決。",113-TW-2119
預見提供帳戶可能幫助詐欺行為,TRUE,6,9, 0.67 ,"《洗錢防制法》第14條, 《洗錢防制法》第19條","被告將金融帳戶資料提供給詐欺集團成員使用，明知可能協助詐欺行為。
被告將金融機構帳戶提供給不相識之人，未能預見其可能被用作詐欺工具。
被告將銀行帳戶及密碼提供給不明人士，導致詐欺行為發生。
被告將提款卡及密碼提供給不詳詐欺者，協助其進行詐騙。
被告寄出金融卡及密碼給詐欺集團，迅速導致資金被提領。","被告提供金融帳戶資料給他人，明知可能被用於詐欺行為。
銀行交易紀錄顯示異常交易，證明帳戶被用於詐騙。
被告承認與詐欺者的聯絡，並提供帳戶資料。
受害者的匯款申請書及對話紀錄顯示詐騙行為的發生。
社群平台對話紀錄顯示被告與詐欺集團成員的聯絡。","被告聲稱不知其帳戶被用於詐騙，並否認有任何犯罪意圖。
被告表示因為被騙而提供帳戶資料，並曾懷疑對方的意圖。
被告主張是為了辦理貸款，並未意圖協助詐欺。
被告強調未獲取任何報酬，認為不應承擔刑責。
被告在案發後主動聯繫銀行掛失帳戶，試圖補救。","被告可合理預見其行為可能導致詐欺或洗錢，且未採取任何保護措施。
被告的辯解未能推翻其行為的犯罪性質，顯示其對該行為知情。
被告明知其行為可能助長詐欺風氣，仍選擇交付金融帳戶資料。
被告的行為符合犯罪構成要件，無需證明其實際獲利。
被告的辯解缺乏可信度，未能說明其行為的合理性。","112-TW-1221, 113-TW-0043, 113-TW-0134, 113-TW-1157, 113-TW-1162"
預見提供帳戶可能幫助詐欺行為,FALSE,3,9, 0.33 ,《洗錢防制法》第14條,"被告對於提供金融帳戶的後果缺乏預見性，認為僅是信任他人使用。
被告在提供帳戶時未充分考慮可能涉及的法律風險與後果。
被告將帳戶資料交予他人，未對其背景或行為進行調查。
被告對於詐欺行為的潛在風險持有輕視態度，未意識到其行為可能助長犯罪。
被告在提供帳戶時未設置任何限制或條件，導致帳戶被濫用。","被告的主觀意圖不足以證明其預見性，無法確定其行為直接導致他人犯罪。
被告在提供金融帳戶時未能證明其對詐騙行為的知情或意圖。
證人證言支持被告的行為並不構成犯罪的直接參與。
告訴人與相關證人和解，顯示出受害者對被告行為的認可或不再追究。
被告的前案有罪判決未能直接影響本案的預見性評估。","被告主張對於他人使用金融帳戶的行為並不知情，無法預見其可能的犯罪後果。
被告強調提供金融帳戶的行為並無直接的犯罪意圖，且未能證明自己有意圖協助犯罪。
被告辯稱帳戶的使用者為他人，自己並未參與該行為，無法承擔法律責任。
被告指出缺乏證據證明其行為與犯罪之間的因果關係，無法證明其有助於犯罪的意圖。
被告提出在提供帳戶之前並未有任何犯罪的前科或意圖，強調行為的無知與無辜。","被告未顯示出主觀上有幫助詐欺的意圖，缺乏犯罪故意。
檢察官未能提供足夠證據證明被告有罪，導致判決無罪。
案件之間存在裁判上一罪關係，故不經言詞辯論而判決免訴。
無法確定被告有幫助洗錢的故意，證據不足。
被告行為未能顯示出可預見性，無法證明其行為對犯罪的實質幫助。","112-TW-1541, 113-TW-1805, 113-TW-2214"
提供金融帳戶資料幫助詐欺行為,TRUE,1,1, 1.00 ,《刑法》第30條,"提供帳戶資料以協助詐騙集團進行詐騙，屬於共犯行為，顯示被告明知其行為將助長詐騙行為的發生。
故意隱瞞詐騙集團的真實意圖，利用他人信任進行詐騙，顯示被告在行為中有意識地參與詐騙過程。
利用他人名義開設銀行帳戶，為詐騙集團提供掩護，顯示被告在詐騙行為中扮演了重要角色。
提供虛假資訊或文件以協助詐騙集團，顯示被告對詐騙行為的積極參與和支持。
故意協助詐騙集團轉移資金，顯示被告的行為直接影響了詐騙所得的流向和處理。","1. 被告提供帳戶資料給詐騙集團，並明知該資料將被用於非法活動，顯示其故意協助詐騙行為。
2. 被告的帳戶被用於接收詐騙所得，且該行為與詐騙集團的運作模式相符，顯示其參與詐騙的意圖。
3. 被告與詐騙集團之間存在聯繫，並在詐騙過程中扮演關鍵角色，顯示其對詐騙行為的默許或支持。
4. 被告在提供帳戶資料後，未對該資料的使用進行任何監督或限制，顯示其對詐騙行為的放任態度。
5. 被告的行為與其他已知的詐騙案件模式相似，顯示其行為具有系統性和重複性，強化了其參與詐騙的可能性。","被告主張無知，表示其對於提供帳戶資料的行為並不知情，並未意識到這會涉及詐欺行為，類似於案例112-TW-1221中被告的辯護。
被告強調未獲取任何報酬，認為其行為並非出於個人利益，而是出於善意或誤解，這一點在許多詐欺案件中常被提及。
被告提出缺乏故意，認為其行為並未具備詐欺罪所需的主觀故意，這在法律上常被用來辯護，強調行為的無意性。
被告辯稱行為的合法性，認為其提供帳戶資料的行為在當時並不違法，這一論點在某些案例中被用來挑戰法律適用的範圍。
被告引用他人行為，認為自己只是依賴他人的指示行事，並未直接參與詐欺行為，這種辯護在多起案件中被用來減輕責任。","被告行為符合犯罪構成要件，法院認為其行為直接促成詐欺行為的發生。
被告辯詞缺乏可信度，法院認為其辯護無法有效反駁檢方的指控。
法院強調被告的行為具有明顯的故意，顯示出其對詐欺行為的支持與協助。
案件中引用類似案例，強調類似情況下的判決結果，以支持法院的裁定。
法院認為被告未能提供足夠的證據證明其行為的合法性，進一步加強其罪責。",112-TW-1221
以幫助犯身份參與詐欺及洗錢行為,TRUE,18,20, 0.90 ,"《刑法》第30條, 《刑法》第30條第1項, 《刑法》第339條之4","提供金融帳戶資料以協助詐欺集團進行犯罪行為，明知該行為可能導致他人損失。
提供銀行帳戶或提款卡及密碼，作為詐欺集團進行詐騙及洗錢的工具。
介紹他人取得銀行帳戶，明知該帳戶將被用於詐欺行為。
提供多個帳戶供詐欺集團使用，明知其行為可能隱匿犯罪所得。
提供金融帳戶以掩飾資金流向，協助詐欺集團隱匿不法利益。","被告提供帳戶資料供詐欺集團使用，並因此參與詐欺及洗錢行為。
被告的自白及證人證述顯示其明知行為後果，並協助詐欺行為。
銀行交易明細顯示詐欺款項流向與被告的帳戶有直接關聯。
被告的行為造成金流斷點，影響檢警追查資金來源。
被告與詐欺集團成員的對話紀錄顯示其參與程度及犯意聯絡。","被告否認有任何詐欺或洗錢的意圖，主張僅是協助朋友或提供帳戶資料，並未獲取報酬。
被告主張未直接參與詐欺行為，僅提供帳戶，並聲稱其行為不構成詐欺罪。
被告表示其行為是出於信任或誤信，並非故意犯罪，且未獲取任何利益。
被告聲稱自己也是受害者，並否認有意參與詐欺及洗錢行為。
被告主張其行為是出於急需，並非故意協助犯罪。","被告的行為符合詐欺及洗錢的構成要件，且辯解缺乏可信性。
被告的行為符合幫助犯的定義，應負刑事責任。
被告主觀上具備不法意識，且行為對詐欺實施有直接助力。
被告的辯解未能推翻其犯罪事實，法院認定其行為已構成幫助犯。
被告的行為已構成幫助詐欺，並應承擔相應的法律責任。","113-TW-0422, 113-TW-0063, 113-TW-0020, 113-TW-0222, 113-TW-0377"
以幫助犯身份參與詐欺及洗錢行為,FALSE,2,20, 0.10 ,"《刑法》第30條第1項前段, 《洗錢防制法》第14條","基於信任交付帳戶資料，認為行為合法。
無意識協助詐欺集團，缺乏對詐騙行為的認知。
誤信虛擬貨幣投資的合法性，導致交付帳戶。
對詐欺集團的背景缺乏調查，輕信他人。
未考慮到交付帳戶可能造成的法律後果。","被告與他人之間的親密關係可能被解釋為無罪的證據，顯示其行為並非出於詐欺意圖。
無異常交易的帳戶交易明細可作為被告未參與詐欺或洗錢的證據。
被告主動報案的行為顯示其無不法意圖，反而可能是協助調查的表現。
通訊紀錄的內容若無明確詐欺意圖，則可支持被告的無罪主張。
異常資金流動的證據若無法直接連結至被告，則可能無法證明其有罪。","基於信任他人而交付帳戶，未預見該行為會被用於犯罪。
強調未獲取任何報酬，並無個人利益動機。
主動報警處理，顯示對於不法行為的反對態度。
在交付帳戶前已確認行為的合法性，顯示善意。
否認故意，強調缺乏詐欺或洗錢的主觀意圖。","被告主觀上無故意，無法證明其意圖參與犯罪行為。
證據不足以支持被告有不確定故意，應判無罪。
案件因重複起訴而不受理，無法進一步審理。
被告對犯罪結果的預見性不足，無法構成共犯。
法院強調主觀故意的重要性，無法僅依推測判定罪責。","112-TW-1251, 113-TW-3201"
幫助詐欺取財之不確定故意,TRUE,2,5, 0.40 ,《洗錢防制法》第14條,"被告主動提供銀行帳戶及提款卡給詐欺集團，明知可能被用於詐騙行為。
被告在未經充分了解的情況下，將個人銀行資料交給他人，顯示出不負責任的行為。
被告協助詐欺集團隱匿詐騙所得，顯示出對詐騙行為的默許或放任。
被告在提供資料時，對詐欺集團的真實意圖缺乏警覺，顯示出不確定故意的存在。
被告的行為導致詐欺集團能夠迅速提領資金，顯示出其行為對詐騙活動的直接促進作用。","被告坦承犯行並與證人證述相符。
銀行交易明細顯示異常交易或大量提款。
被告提供工具或資源供詐欺集團使用。
對話紀錄顯示被告與詐欺集團的直接聯繫。
被告的行為顯示出不確定故意的意圖。","被告聲稱未明確知道該行為的後果，並未獲取報酬。
被告表示對詐欺行為感到疑慮，並曾詢問對方是否為詐欺集團。
被告主張其行為是基於誤信對方的指示，並無意圖參與詐欺。
被告在偵查中坦承犯行，但強調未獲取任何利益。
被告認為自身並未具備詐欺的故意，因為其行為是出於善意的誤解。","被告的行為助長詐欺風氣，對社會秩序造成影響，應予以重視。
被告明知帳戶可能被用於不法行為，仍選擇交付，符合犯罪構成要件。
幫助他人犯罪即屬犯罪，無需證明被告實際獲利。
被告的行為對社會秩序造成負面影響，應加重刑度。
被告的行為符合洗錢罪的構成要件，需依法追究責任。","113-TW-0047, 113-TW-0117"
幫助詐欺取財之不確定故意,FALSE,3,5, 0.60 ,"《刑法》第30條, 《刑法》第339條","被告因應徵工作而交付帳戶資料，未預見該帳戶將被用於詐欺。
被告交付帳戶予他人，並未意圖協助詐欺行為。
被告在不知情的情況下提供帳戶資訊，未能預見其用途。
被告出於信任或合作的理由，交付帳戶資料，無詐欺意圖。
被告因缺乏對詐欺行為的認識而無意協助犯罪。","被告主動報案，顯示其無不法意圖及對事件的誠實態度。
被告對他人表現出信任，並未意識到可能涉及詐欺行為。
被告提供帳戶資料的行為是基於求職需求，並非用於詐欺目的。
帳戶交易明細顯示資金使用為日常生活開支，無不法獲利跡象。
被告的供述與通訊紀錄一致，支持其無罪主張。","基於信任行為，無意圖協助犯罪。
誤信合法工作機會，未預見違法用途。
受到他人話術影響，缺乏主觀故意。
缺乏明確證據，無法證明故意協助犯罪。
行為不具犯罪性，無法構成詐欺協助。","缺乏主觀故意：法院認為被告的行為缺乏詐欺的主觀故意，因此應該判決無罪。
未能證明不確定故意：檢察官未能提供足夠證據證明被告有不確定故意，導致無罪判決。
行為不構成犯罪：法院認為被告的行為在法律上不構成犯罪，故判決無罪。
合理預見能力不足：被告在特定情境下（如急迫求職）未能合理預見其行為可能導致的後果，因此不具犯罪意圖。
行為背景影響判決：法院考量被告的行為背景及動機，認為其行為並非出於詐欺意圖，進而作出無罪判決。","112-TW-1251, 113-TW-1451"
幫助他人實施洗錢行為,TRUE,20,21, 0.95 ,"《洗錢防制法》第14條, 《洗錢防制法》第19條","提供金融帳戶資料給詐欺集團，明知該帳戶將被用於詐騙及洗錢行為。
交付提款卡及密碼給詐欺集團成員，協助其進行詐騙及隱匿資金流向。
提供多個銀行帳戶的提款卡及密碼，幫助詐欺集團進行詐騙及洗錢行為。
將虛擬貨幣交易帳戶提供給詐欺集團，協助其進行洗錢行為。
明知行為可能導致不法利益，仍選擇交付金融帳戶資料給詐欺集團使用。","被告自白承認提供帳戶資料，並且銀行交易明細顯示該帳戶有異常交易。
被告的帳戶被用於接收詐騙款項，並有受害者的證詞證明其行為。
證人證述與被告供述一致，並提供對話紀錄截圖，顯示被告的行為與詐欺行為的關聯。
被告與詐欺集團成員有聯絡紀錄，並在銀行交易明細中顯示異常交易。
被告的行為被證明與詐欺行為的發生有直接關聯，並且有多筆異常交易紀錄。","未獲取報酬，並聲稱不知該行為會導致犯罪。
聲稱行為是出於信任，並未預見該帳戶會被用於犯罪。
主動聯繫警方或銀行，表達合作意願或試圖補救。
否認有意圖參與犯罪，僅提供帳戶資料。
強調經濟需求或友人需要，並表示不知其用途。","被告明知提供帳戶可能被用於不法，仍選擇交付，符合洗錢罪的構成要件，助長詐欺犯罪，影響社會秩序。
被告的行為符合洗錢罪的構成要件，且其自白及證據顯示其對行為的預見性，助長詐欺行為。
被告應可預見其行為可能導致洗錢，且仍選擇交付帳戶資料，符合犯罪構成要件，助長詐欺風氣。
被告的辯解未能推翻其犯罪事實，且其行為助長詐欺犯罪，影響社會秩序，應予以重罰。
根據法律，幫助犯罪即屬犯罪，無需證明被告實際獲利，且被告的行為已構成洗錢罪。","113-TW-0032, 113-TW-0165, 113-TW-0301, 113-TW-0354, 113-TW-0408"
幫助他人實施洗錢行為,FALSE,1,21, 0.05 ,《刑法》第339條,"被告主動報告可疑交易，顯示其對異常行為的警覺性和責任感。
被告在發現異常後迅速採取行動，如掛失帳戶，表明其不願意參與非法活動。
被告提供透明的交易記錄，協助調查，顯示其合作態度和清白意圖。
被告的行為符合合理的商業慣例，無法顯示出故意參與洗錢的意圖。
被告在事發後主動尋求法律諮詢，顯示其對法律規範的重視和遵守。","被告主動報案，顯示其無意圖參與犯罪行為，反而協助執法機關查明事實。
被告的行為缺乏洗錢的典型特徵，無法證明其有意識地參與該行為。
證據顯示被告在發現可疑情況後，立即採取行動以防止進一步的違法行為。
缺乏直接證據連結被告與洗錢行為，無法證明其參與或共謀。
被告的行為符合合法經濟活動的範疇，未顯示出任何洗錢的意圖或行為。","被告主張其行為是出於求職需要，並未意圖參與洗錢，強調行為的動機與目的並非犯罪。
被告提出缺乏直接證據，認為控方未能證明其參與洗錢的具體行為或意圖。
被告強調其行為的合法性，認為所涉及的交易並不違反法律規定，並未構成洗錢。
被告主張其對相關法律知識的缺乏，表示其行為並非故意違法，且未有意識到可能的法律後果。
被告引用他人證詞或證據，證明其行為在當時的情境下是合理的，並無意圖參與犯罪活動。","法院認為被告的行為不構成洗錢，因為其行為缺乏明確的犯罪意圖，無法證明其參與洗錢活動的必要要素。
法院指出證據不足，無法支持控方的指控，強調在刑事案件中，控方必須提供充分且具說服力的證據來證明被告的罪行。
法院強調被告的行為並未顯示出與洗錢相關的典型特徵，並指出缺乏直接證據來連結被告與洗錢行為之間的關係。
法院認為被告的行為可能存在其他合理解釋，這些解釋並未被控方有效駁斥，導致無法確定其有罪。
法院在判決中提到法律原則，即在疑點利益歸於被告，這一原則在本案中適用，進一步支持了無罪的判決。",113-TW-1367
明知帳戶可能被用於洗錢仍交付,TRUE,28,31, 0.90 ,"《洗錢防制法》第14條, 《洗錢防制法》第19條","被告明知其提供的金融帳戶可能被用於洗錢，仍選擇交付。
被告預見其提供的金融帳戶可能被用於洗錢行為，並仍選擇交付。
被告將金融帳戶資料提供給詐欺集團成員，並協助開通網銀功能。
被告以金錢為代價，將其金融帳戶資料提供給詐欺集團成員。
被告將未成年子女名下的金融帳戶交付給詐欺集團成員使用。","被告承認在警詢或偵查中提供帳戶資料，顯示其明知行為可能涉及洗錢。
銀行交易明細顯示該帳戶有異常交易，支持被告的行為與洗錢活動的關聯。
被告與詐欺集團成員的通訊紀錄證明其意圖或知情，顯示其參與詐騙行為。
證人證述或受害者提供的匯款單據支持被告的行為導致他人受騙。
被告在準備程序中自白，承認其提供帳戶的事實，強化其明知的立場。","被告因急需資金而未加思索提供帳戶資料，聲稱不知對方為詐欺集團，並有向合法公司詢問貸款的行為。
被告聲稱因網路交友而誤信對方指示提供帳戶，並未獲取報酬，認為不應承擔刑責。
被告辯稱不知對方的真實意圖，並未預見其行為會導致犯罪，且在案發後主動聯繫銀行試圖補救。
被告聲稱提供帳戶是為了協助辦理貸款，並未預見其用途，且未獲取報酬。
被告表示因經濟壓力而輕信他人，誤以為提供帳戶是為了貸款，並在案發後主動聯繫銀行掛失帳戶。","被告可合理預見其提供的金融帳戶可能被用於洗錢，且仍選擇交付，符合犯罪構成要件。
被告明知其行為可能助長詐欺，仍選擇交付帳戶，符合犯罪構成要件。
被告的辯解未能推翻其主觀故意的存在，且行為已造成社會危害。
被告未能提供足夠證據證明其無罪，且其行為助長詐欺犯罪。
根據法律，幫助犯罪即屬犯罪，無須證明被告實際獲利。","112-TW-1484, 113-TW-0903, 113-TW-0026, 113-TW-0030, 113-TW-0054"
明知帳戶可能被用於洗錢仍交付,FALSE,3,31, 0.10 ,《洗錢防制法》第14條,"被告在不知情的情況下提供帳戶資料，並在發現詐騙後立即報案。
被告明知其帳戶可能被用於詐騙活動，仍然選擇交付帳戶資料並收取租金。
被告協助他人進行金流美化，並依指示提領款項交給詐欺集團成員。
被告在提供提款卡及密碼後，對詐騙行為的後果缺乏警覺，導致後續問題。
被告在提供帳戶後，未能及時察覺詐騙行為的風險，顯示出對詐騙集團的信任。","被告主動聯繫警方，顯示無意圖協助犯罪。
被告對金流的誤解，顯示缺乏洗錢意圖。
被告尋求貸款，顯示其行為的合法性。
通話紀錄顯示被告對詐欺集團的認知不足。
帳戶交易明細顯示款項來源不明，無法證明洗錢意圖。","被告主張其行為是出於貸款需求，並未獲取報酬，顯示其無意圖協助洗錢。
被告辯稱其並未直接參與洗錢行為，且其行為不構成犯罪。
被告認為其提供帳戶是因為對該行為的後果並不知情，並非故意參與洗錢。
被告在發現異常後立即報案，顯示其無意圖協助洗錢。
被告強調其行為是基於信任，並未意識到可能涉及非法活動。","被告缺乏犯罪故意，行為基於其他合理需求。
檢察官未能證明被告有意圖隱匿或協助洗錢。
被告的行為未達到洗錢的故意標準。
案件涉及重複起訴，與前案有想像競合犯之關係。
基於無罪推定原則，法院判決被告無罪。","113-TW-0124, 113-TW-0290, 113-TW-0248"
明知帳戶可能被用於詐欺仍交付,TRUE,9,17, 0.53 ,"《洗錢防制法》第14條, 《洗錢防制法》第19條","提供金融帳戶資訊給詐欺集團，明知可能被用於詐欺，仍選擇交付。
將提款卡及密碼寄送或傳送給詐欺集團成員，明知其用途不當。
開立新帳戶並提供給詐欺集團使用，並依指示提領資金。
要求他人設立公司並申辦銀行帳戶，將帳戶資料交給詐欺集團成員。
在被查獲後仍重新申辦金融卡並提供給詐欺集團，顯示持續參與。","被告的銀行交易明細顯示異常提款或資金流動，顯示其帳戶可能被用於詐欺。
被告與詐欺集團成員的通話紀錄或對話紀錄，顯示其明知帳戶可能被用於詐欺的意圖。
被告提供提款卡及密碼給詐欺集團，顯示其主動協助詐欺行為。
受害者的匯款明細及證詞，確認被告的帳戶被用於詐騙，增強其知情的證據。
被告在警詢中自白或承認帳戶為其所申設，顯示其對帳戶使用情況的認知。","被告聲稱因急需資金而被利用，並未意圖犯罪，未獲取報酬。
被告表示誤信對方指示提供帳戶，並主動報案或掛失帳戶以示補救。
被告辯稱不知該帳戶會被用於詐欺，並強調未獲取任何報酬。
被告聲稱其行為僅為協助親人處理事務，並未意圖犯罪。
被告表示對詐騙行為缺乏警覺，因曾遭詐騙而誤信他人。","被告明知其金融帳戶可能被用於詐欺，仍選擇交付，符合犯罪構成要件。
被告可合理預見帳戶可能被用於不法，但仍選擇交付，符合犯罪構成要件。
被告的辯詞不具說服力，未能證明其無罪或合理解釋其行為。
被告的行為助長詐欺風氣，影響社會秩序，應依法處罰。
根據法律，幫助犯罪即屬犯罪，無須證明被告實際獲利。","113-TW-0090, 113-TW-0020, 113-TW-0004, 113-TW-0338, 113-TW-1703"
明知帳戶可能被用於詐欺仍交付,FALSE,8,17, 0.47 ,"《刑法》第30條, 《刑法》第339條之4第1項第2款, 《洗錢防制法》第14條","被告因急需資金而誤信詐欺集團的指示，提供銀行帳戶資料。
被告在不明確了解帳戶用途的情況下，將帳戶資料交給自稱需要協助的他人。
被告以為提供帳戶是為了合法用途，如薪資匯款，未意識到可能涉及詐欺。
被告因信任對方的身份或背景，無意中協助詐欺集團進行詐騙行為。
被告在提供帳戶時，未充分考慮到可能的法律後果或詐騙風險。","被告主動報案，顯示其並無詐欺意圖。
被告與詐欺集團成員的對話紀錄顯示其尋求貸款或其他合法需求。
被告的帳戶交易明細顯示資金來源合法，且金額較小。
被告承認提供帳戶資料，但無證據顯示其明知該帳戶將被用於詐欺。
被告與詐欺集團成員的聯繫紀錄顯示其對詐欺行為並不知情。","被告因貸款需求提供帳戶資料，並未獲取報酬，顯示無意圖協助詐欺。
被告未能預見其帳戶會被用於詐欺行為，且未提供提款卡及密碼。
被告在發現異常後主動聯繫銀行，顯示其無意圖參與詐欺。
被告主觀上並無幫助詐欺及洗錢之故意，並認為其行為不構成犯罪。
被告基於誤信他人指示而提供帳戶，並未直接參與詐欺行為。","被告未能證明有犯罪故意，行為基於合法需求。
檢察官未能提供足夠證據證明被告有罪。
被告的行為未能顯示對詐欺或洗錢的認識或預見。
法院認為被告的行為與詐欺集團無直接關聯。
重複起訴的案件不受理。","113-TW-0124, 113-TW-0146, 113-TW-0174, 113-TW-0290, 113-TW-1827"
無正當理由提供多個帳戶,TRUE,3,4, 0.75 ,《洗錢防制法》第22條,"提供多個金融帳戶給他人使用，明知其用途為詐欺行為。
明知他人進行虛偽交易，仍交付帳戶及密碼。
利用通訊軟體傳遞提款卡密碼以協助詐欺集團。
故意隱瞞帳戶使用的非法性質，交付帳戶予詐欺集團。
在明知帳戶不得轉讓的情況下，仍然提供帳戶給他人使用。","被告承認提供帳戶的事實。
帳戶被詐騙集團成員使用的證據。
異常交易明細顯示帳戶的可疑活動。
受害人證述被告提供帳戶後遭受詐騙。
被告的自白或供述作為關鍵證據。","被告未獲得報酬，且在警詢時已自白，表達悔過之意。
被告辯稱其行為是為了辦理貸款，並非故意協助詐欺。
被告在發現異狀後主動報警，顯示其對行為的懷疑和悔意。
被告主動聯繫銀行掛失帳戶，試圖補救其行為的後果。
被告未能提供正當理由，並強調其行為並非出於惡意。","被告行為助長財產犯罪，影響社會治安及金融秩序。
被告無正當理由提供帳戶，符合犯罪構成要件。
被告的辯解未能推翻其行為的違法性。
被告的行為造成社會秩序的危害。
被告的自白及證據顯示其行為符合犯罪構成要件。","113-TW-0040, 113-TW-0439, 113-TW-0504"
無正當理由提供多個帳戶,FALSE,1,4, 0.25 ,《洗錢防制法》第15條之2,"被告因受到詐騙電話影響，誤信對方身份而交付金融帳戶，顯示出對於來電者身份的輕信。
被告在交付提款卡前未進行必要的身份驗證，反映出對於金融安全知識的不足與疏忽。
被告在行為中缺乏警覺性，未能意識到對方可能存在的詐騙意圖，顯示出對詐騙手法的認知不足。
被告在受到指示後，未進行合理的懷疑與查證，直接依從他人要求，顯示出對於他人指示的盲從。
被告在交付帳戶的過程中，未考慮到可能的法律後果，顯示出對於法律責任的認知不足。","被告與假冒金管會人員的對話中，表現出對該人員身份的懷疑，顯示被告未必知情或同意提供帳戶。
被告的銀行交易明細顯示提領行為並未直接指向其故意犯罪，可能存在被他人操控的情況。
被告在對話中多次詢問對方的合法性，顯示其對於交付帳戶的行為持保留態度。
被告提供的帳戶使用情境不明，缺乏證據證明其明確意圖或目的。
被告在對話中提到的其他人員或情況，可能暗示存在更複雜的詐騙網絡，減少其單獨責任。","被告主張自己是受害者，並未有意圖交付帳戶予他人使用，強調其行為是被迫或誤導下進行的。
被告聲明在交付帳戶時並不知其行為是違法的，主張缺乏故意或明知的成分。
被告提出缺乏證據證明其有意圖交付帳戶，強調檢方未能提供足夠的證據來支持指控。
被告辯稱其行為是基於信任或友誼，並非出於犯罪意圖，強調人際關係的影響。
被告強調其行為的背景和情境，指出其在特定情況下的無奈與無知，並非出於犯罪動機。","被告缺乏主觀故意，無法認定其有罪。
檢察官未能提供足夠證據證明被告有罪。
被告的行為未達到法律所要求的犯罪構成要件。
法院認為被告的行為存在合理解釋，無法推定其犯罪意圖。
案件中證據的不足導致無法支持起訴的結論。",113-TW-0004
協助詐欺集團進行洗錢,TRUE,1,2, 0.50 ,《洗錢防制法》第19條,#NAME?,"被告承認提供帳戶資訊，顯示其主動參與詐騙行為。
告訴人具體描述詐欺集團的運作方式及被告的角色，增強證據的可信度。
銀行交易明細中出現異常交易，顯示被告帳戶的可疑活動。
被告與詐欺集團成員之間的聯繫證據，顯示其知情並參與詐騙行為。
其他受害者的證詞支持告訴人的陳述，形成證據鏈的完整性。","被告對詐欺集團的真實意圖缺乏認識，主張其行為是基於信任而非犯罪意圖。
被告聲稱未獲得任何報酬，強調其行為並非出於經濟利益的考量。
被告辯稱其金融帳戶的使用是出於善意，並非故意協助詐欺行為。
被告強調缺乏犯罪故意，認為其行為不構成洗錢罪的主觀要件。
被告主張其行為是受到他人影響，並非自願參與詐欺集團的活動。","被告明知其行為違法，卻仍然協助詐欺集團進行洗錢，顯示出主觀故意的存在。
被告未能提供合理的辯解或證據來證明其行為的合法性，導致法院認定其行為不當。
法院強調被告的行為直接助長了詐欺犯罪的發生，顯示出其行為的社會危害性。
法院認為被告的金融帳戶被用作洗錢工具，符合洗錢的法律定義，強化了其罪責。
被告的行為被視為對犯罪集團的支持，法院認為這種行為必須受到法律的制裁。",113-TW-2153
協助詐欺集團進行洗錢,FALSE,1,2, 0.50 ,《洗錢防制法》第14條,"被告因信任詐欺集團而進行轉匯，顯示出對對方的盲目信任，這在許多詐騙案件中常見，受害者往往被操控而無法察覺真相。
被告在轉匯過程中未進行必要的背景調查，顯示出缺乏對金融交易的警覺性，這種行為在許多無罪案件中出現，特別是在涉及金錢的情況下。
被告依指示行事，反映出在詐欺集團的操控下，個人意志被削弱，這種情況在許多涉及詐騙的案件中普遍存在，受害者往往被迫遵循指示。
被告對詐欺行為的認知不足，顯示出對詐騙手法的無知，這在許多無罪案件中是常見的模式，尤其是當被告未曾接觸過類似情況時。
被告在轉匯後並未進一步追蹤款項去向，顯示出對交易後果的漠視，這種行為在詐騙案件中時常出現，受害者往往未能意識到自己參與了不法行為。","被告的匯款明細顯示出資金流動的合理性，並無異常或可疑的交易行為，與詐欺集團的活動無直接關聯。
交易紀錄中顯示被告的資金來源合法，並未顯示出與詐欺所得的連結，支持被告的無罪主張。
被告與詐欺集團成員的對話紀錄中缺乏明確的共謀或合意行為，顯示出被告並未參與詐欺活動。
被告的行為符合一般商業交易的慣例，未表現出任何意圖隱匿或協助洗錢的跡象。
證據中缺乏足夠的直接連結來證明被告的意圖或知情，導致無法成立詐欺及洗錢的罪名。",#NAME?,"法院認為檢察官未能提供足夠證據，導致被告無罪，強調證據的重要性和合理懷疑原則。
法院指出被告的行為可解釋為基於信任，而非有意圖進行洗錢，強調主觀意圖在判斷中的關鍵性。
法院認為被告的行為缺乏明確的犯罪意圖，強調意圖的存在是詐欺和洗錢罪成立的必要條件。
法院強調檢察官的證據不足以排除合理懷疑，這反映出法律對於被告權利的保護。
法院指出被告的行為在情境中可被合理解釋，強調法律對於行為解釋的靈活性和多元性。",113-TW-1121
提供帳戶資料構成幫助犯,TRUE,1,1, 1.00 ,《刑法》第30條,"被告提供帳戶資料以協助詐騙集團進行詐騙行為。
被告明知其行為將助長詐騙活動，仍選擇提供必要的資訊。
被告與詐騙集團有密切聯繫，顯示出共同犯罪的意圖。
被告的行為直接導致受害者財產損失，顯示出其行為的危害性。
被告在提供帳戶資料後，未對詐騙行為進行任何阻止或報告，顯示出其默許的態度。","被告提供帳戶資料給他人，未經查證，構成協助詐欺的行為。
被告的帳戶作為人頭帳戶，隱匿詐欺所得，顯示其參與詐騙行為的意圖。
被告與詐騙集團有聯繫，顯示其明知帳戶用途卻仍提供資料。
被告未能提供合理解釋，顯示其對帳戶資料流向的漠視。
被告的行為導致他人受害，顯示其行為的危害性和社會責任。","被告主張未具備詐欺意圖，認為自己只是參與合法投資，未預見對方的詐騙行為。此模式常見於被告強調自身缺乏主觀惡意，類似於案例113-TW-0328中被告的辯護。
被告辯稱缺乏相關知識或經驗，無法識別對方行為的非法性，這種模式通常用於強調被告的無辜與無知，例子如某些金融詐騙案件中被告的辯護。
被告提出對方提供的資料或證據不充分，無法證明其參與詐騙，這種模式常見於被告質疑檢方證據的有效性，類似於某些刑事案件中辯護律師的策略。
被告強調其行為的社會性或普遍性，認為提供帳戶資料在某些情況下是常見行為，這種模式常用於辯護中強調行為的合法性與普遍接受度。
被告主張其行為並未造成實質損害，認為詐騙的結果與其行為無直接關聯，這種模式常見於被告試圖降低自身責任的情況。","被告行為明顯助長犯罪，且缺乏證據證明無意圖。
被告提供關鍵資訊，促成詐欺行為的成功。
法院認為被告應對其行為後果負責，無法推卸責任。
被告未能證明其行為的合法性或善意。
法院強調詐欺行為的危害性，對被告的行為持嚴厲態度。",113-TW-0328
